{"A":{"0":-0.5385928423,"1":0.5866321905,"2":0.649055779,"3":1.4020537515,"4":-1.711517313,"5":0.2805885212,"6":2.7954583528,"7":0.0707582009,"8":-0.1181587934,"9":1.3958777615},"B":{"0":0.1479806281,"1":-1.5618944216,"2":-1.8315709729,"3":-0.1245397437,"4":1.7522162194,"5":-0.1890668592,"6":-0.340691105,"7":0.8150795403,"8":-0.6874495176,"9":0.0812903587},"C":{"0":0.8239586317,"1":0.3444980586,"2":0.2428010879,"3":0.4763943575,"4":-1.2508377333,"5":-1.292005644,"6":0.5030449868,"7":-2.0147933916,"8":0.1929058181,"9":-0.009811087},"D":{"0":-0.0331276134,"1":-0.311101594,"2":-1.4300215797,"3":-0.0526951301,"4":0.4739892401,"5":0.59516601,"6":1.7843473692,"7":0.8435020085,"8":0.4328632884,"9":0.5972261824},"E":{"0":1.2178779506,"1":0.9900669222,"2":1.4213869246,"3":0.3501859795,"4":2.0946013501,"5":-1.1581925432,"6":-1.5131642631,"7":-0.3502549058,"8":1.0833760315,"9":-0.2172770276}}